date,temp_c,pressure,light_lux,rain_rate,humidity,wind_speed,cloud_info,month,dayofweek,temp_c_lag1,pressure_lag1,light_lux_lag1,rain_rate_lag1,humidity_lag1,wind_speed_lag1,target_cloud,target_y
2024-01-04,27.13830882352941,1001.8812213235294,7796.808823529412,0.6879860294117647,49.2475,0.04786764705882353,bright,1,3,25.384526315789476,1010.4972389473684,8104.968421052631,0.0,60.47484210526316,0.0,dim,2
2024-01-05,29.333626943005182,993.7999295336787,13249.948186528498,0.8040559585492227,47.14544041450777,0.09305699481865286,dim,1,4,27.13830882352941,1001.8812213235294,7796.808823529412,0.6879860294117647,49.2475,0.04786764705882353,dim,2
2024-01-06,26.443684210526317,996.298657894737,12428.142857142857,0.0,55.53375939849624,0.002631578947368421,dim,1,5,29.333626943005182,993.7999295336787,13249.948186528498,0.8040559585492227,47.14544041450777,0.09305699481865286,dim,2
2024-01-07,27.235629629629628,998.8200940740741,13279.992592592593,0.0,56.53985185185185,0.0017777777777777776,dim,1,6,26.443684210526317,996.298657894737,12428.142857142857,0.0,55.53375939849624,0.002631578947368421,bright,0
2024-01-08,26.250851063829785,1001.9369319148935,6690.54255319149,0.0,49.797765957446806,0.0,bright,1,0,27.235629629629628,998.8200940740741,13279.992592592593,0.0,56.53985185185185,0.0017777777777777776,dim,2
2024-01-09,27.707894736842107,1000.9060063157896,13939.884210526316,0.0,54.21063157894737,0.0,dim,1,1,26.250851063829785,1001.9369319148935,6690.54255319149,0.0,49.797765957446806,0.0,bright,0
2024-01-10,28.13175925925926,1003.3578175925926,11072.722222222223,0.0,55.51027777777777,0.058055555555555555,bright,1,2,27.707894736842107,1000.9060063157896,13939.884210526316,0.0,54.21063157894737,0.0,dim,2
2024-01-11,29.738272251308903,1000.4485335078534,12231.157068062827,0.0,61.12183246073299,0.0007853403141361256,dim,1,3,28.13175925925926,1003.3578175925926,11072.722222222223,0.0,55.51027777777777,0.058055555555555555,dim,2
2024-01-12,26.56151832460733,992.6177392670156,12086.146596858638,0.0,68.14633507853404,0.0014136125654450264,dim,1,4,29.738272251308903,1000.4485335078534,12231.157068062827,0.0,61.12183246073299,0.0007853403141361256,bright,0
2024-02-03,26.376105263157896,1009.7984978947369,5133.105263157895,0.0,58.44242105263157,0.0,bright,2,5,26.56151832460733,992.6177392670156,12086.146596858638,0.0,68.14633507853404,0.0014136125654450264,dim,2
2024-02-04,30.28232558139535,998.173144767442,9785.081395348838,0.9287616279069767,47.35976744186046,0.1027906976744186,dim,2,6,26.376105263157896,1009.7984978947369,5133.105263157895,0.0,58.44242105263157,0.0,bright,0
2024-02-05,28.819178082191783,996.2149212328767,10166.780821917808,0.4532938356164383,50.904931506849316,0.0626027397260274,bright,2,0,30.28232558139535,998.173144767442,9785.081395348838,0.9287616279069767,47.35976744186046,0.1027906976744186,dim,2
2024-02-06,29.47305263157895,1002.0065831578947,14450.294736842105,0.0,63.94305263157895,0.0,dim,2,1,28.819178082191783,996.2149212328767,10166.780821917808,0.4532938356164383,50.904931506849316,0.0626027397260274,bright,0
2024-02-07,27.268666666666668,999.9789152380952,11674.161904761904,0.0,51.37609523809524,0.0,bright,2,2,29.47305263157895,1002.0065831578947,14450.294736842105,0.0,63.94305263157895,0.0,bright,0
2024-02-08,26.551684210526314,1002.283932631579,6206.8105263157895,0.0,49.062000000000005,0.0,bright,2,3,27.268666666666668,999.9789152380952,11674.161904761904,0.0,51.37609523809524,0.0,bright,0
2024-02-09,26.560315789473684,1001.3472263157895,10401.905263157894,0.0,56.16978947368421,0.0,bright,2,4,26.551684210526314,1002.283932631579,6206.8105263157895,0.0,49.062000000000005,0.0,dim,2
2024-02-10,27.971052631578946,1004.3659715789474,11074.82105263158,0.0,54.10547368421053,0.0,dim,2,5,26.560315789473684,1001.3472263157895,10401.905263157894,0.0,56.16978947368421,0.0,dim,2
2024-02-11,29.84198952879581,1000.795439790576,11994.842931937173,0.0,60.34429319371728,0.0007853403141361256,dim,2,6,27.971052631578946,1004.3659715789474,11074.82105263158,0.0,54.10547368421053,0.0,bright,0
2024-02-12,25.886979166666666,994.428834375,9146.21875,0.0,66.13302083333333,0.0013020833333333333,bright,2,0,29.84198952879581,1000.795439790576,11994.842931937173,0.0,60.34429319371728,0.0007853403141361256,dim,2
2024-02-13,24.375217391304346,1012.9674739130435,8876.391304347826,2.08365652173913,65.16347826086957,0.0,dim,2,1,25.886979166666666,994.428834375,9146.21875,0.0,66.13302083333333,0.0013020833333333333,bright,0
2024-02-14,24.80030303030303,1011.9060333333333,7303.141414141414,0.0,62.63545454545454,0.0,bright,2,2,24.375217391304346,1012.9674739130435,8876.391304347826,2.08365652173913,65.16347826086957,0.0,bright,0
2024-02-15,24.666842105263157,1011.9641168421053,4508.831578947368,0.0,58.160947368421056,0.0,bright,2,3,24.80030303030303,1011.9060333333333,7303.141414141414,0.0,62.63545454545454,0.0,bright,0
2024-02-16,25.30082474226804,1012.082756701031,4455.453608247422,0.0,60.800000000000004,0.0,bright,2,4,24.666842105263157,1011.9641168421053,4508.831578947368,0.0,58.160947368421056,0.0,bright,0
2024-02-17,25.464891304347827,1010.9312108695652,4188.260869565217,0.0,61.477717391304346,0.0,bright,2,5,25.30082474226804,1012.082756701031,4455.453608247422,0.0,60.800000000000004,0.0,bright,0
2024-02-18,27.022105263157894,1010.1944589473684,6502.0,0.0,60.789263157894744,0.0,bright,2,6,25.464891304347827,1010.9312108695652,4188.260869565217,0.0,61.477717391304346,0.0,bright,0
2024-02-19,25.781875,1010.4797874999999,9007.4375,0.0,60.078125,0.0,bright,2,0,27.022105263157894,1010.1944589473684,6502.0,0.0,60.789263157894744,0.0,bright,0
2024-02-20,25.470000000000002,1009.97504,7438.578947368421,0.0,57.40894736842105,0.0,bright,2,1,25.781875,1010.4797874999999,9007.4375,0.0,60.078125,0.0,bright,0
2024-02-21,24.832736842105266,1008.4926305263158,7344.694736842105,0.0,54.4278947368421,0.0,bright,2,2,25.470000000000002,1009.97504,7438.578947368421,0.0,57.40894736842105,0.0,bright,0
2024-02-22,25.43642105263158,1008.3178042105262,4612.452631578947,0.0,54.27431578947369,0.0,bright,2,3,24.832736842105266,1008.4926305263158,7344.694736842105,0.0,54.4278947368421,0.0,bright,0
2024-02-23,24.70421052631579,1008.0599536842105,7899.115789473684,0.0,56.55547368421053,0.0,bright,2,4,25.43642105263158,1008.3178042105262,4612.452631578947,0.0,54.27431578947369,0.0,bright,0
2024-02-24,25.966210526315788,1008.5943199999999,7469.042105263158,0.0,60.11905263157895,0.0,bright,2,5,24.70421052631579,1008.0599536842105,7899.115789473684,0.0,56.55547368421053,0.0,bright,0
2024-02-25,26.585578947368422,1008.586132631579,7310.621052631579,0.0,56.17136842105263,0.0,bright,2,6,25.966210526315788,1008.5943199999999,7469.042105263158,0.0,60.11905263157895,0.0,bright,0
2024-02-26,26.32642105263158,1009.6427863157895,4209.61052631579,0.0,58.5418947368421,0.0,bright,2,0,26.585578947368422,1008.586132631579,7310.621052631579,0.0,56.17136842105263,0.0,bright,0
2024-02-27,25.819578947368424,1010.1532484210527,4171.968421052631,0.0,60.16210526315789,0.0,bright,2,1,26.32642105263158,1009.6427863157895,4209.61052631579,0.0,58.5418947368421,0.0,bright,0
2024-02-28,25.86157894736842,1009.2448936842105,4182.1894736842105,0.0,59.97757894736842,0.0,bright,2,2,25.819578947368424,1010.1532484210527,4171.968421052631,0.0,60.16210526315789,0.0,bright,0
2024-02-29,25.828631578947366,1009.5324715789474,5757.042105263158,0.0,59.031473684210525,0.00010526315789473685,bright,2,3,25.86157894736842,1009.2448936842105,4182.1894736842105,0.0,59.97757894736842,0.0,bright,0
2024-03-03,25.908,1009.1539873684211,6335.5684210526315,0.0,53.10336842105263,0.0,bright,3,6,25.828631578947366,1009.5324715789474,5757.042105263158,0.0,59.031473684210525,0.00010526315789473685,bright,0
2024-03-04,29.0034375,999.563205625,8692.93125,14.37723,51.1805625,0.08075,bright,3,0,25.908,1009.1539873684211,6335.5684210526315,0.0,53.10336842105263,0.0,bright,0
2024-03-05,26.549052631578945,1002.18402,5426.547368421053,0.0,54.30736842105263,0.0,bright,3,1,29.0034375,999.563205625,8692.93125,14.37723,51.1805625,0.08075,bright,0
2024-03-06,27.359574468085107,1002.8511287234043,9130.095744680852,0.0,57.05021276595745,0.0,bright,3,2,26.549052631578945,1002.18402,5426.547368421053,0.0,54.30736842105263,0.0,bright,0
2024-03-07,27.024947368421053,1001.5625926315789,10908.568421052632,0.8167515789473684,53.1961052631579,0.0,bright,3,3,27.359574468085107,1002.8511287234043,9130.095744680852,0.0,57.05021276595745,0.0,bright,0
2024-03-08,26.951684210526313,1003.2688821052632,7399.3263157894735,0.0,51.545368421052636,0.0,bright,3,4,27.024947368421053,1001.5625926315789,10908.568421052632,0.8167515789473684,53.1961052631579,0.0,bright,0
2024-03-09,26.52031578947368,1003.0040631578947,9469.368421052632,0.0,59.0918947368421,0.0,bright,3,5,26.951684210526313,1003.2688821052632,7399.3263157894735,0.0,51.545368421052636,0.0,bright,0
2024-03-10,26.873061224489796,1003.8272734693877,10552.489795918367,0.0,54.20928571428572,0.0,bright,3,6,26.52031578947368,1003.0040631578947,9469.368421052632,0.0,59.0918947368421,0.0,dim,2
2024-03-11,29.6282722513089,1000.6595518324608,12283.4554973822,0.0,60.43701570680628,0.000837696335078534,dim,3,0,26.873061224489796,1003.8272734693877,10552.489795918367,0.0,54.20928571428572,0.0,bright,0
2024-03-12,26.69958115183246,997.9846952879582,8494.20942408377,0.0,65.24785340314136,0.0010471204188481676,bright,3,1,29.6282722513089,1000.6595518324608,12283.4554973822,0.0,60.43701570680628,0.000837696335078534,light,3
2024-03-13,27.551176470588235,1009.0628794117647,10155.441176470587,0.0,53.32617647058823,0.0,light,3,2,26.69958115183246,997.9846952879582,8494.20942408377,0.0,65.24785340314136,0.0010471204188481676,dim,2
2024-03-18,23.859615384615385,1008.5685923076924,12916.884615384615,0.0,55.71192307692308,0.0,dim,3,0,27.551176470588235,1009.0628794117647,10155.441176470587,0.0,53.32617647058823,0.0,light,3
2024-03-19,24.054315789473684,1008.4120273684211,12161.926315789473,0.0,57.06821052631579,0.0,light,3,1,23.859615384615385,1008.5685923076924,12916.884615384615,0.0,55.71192307692308,0.0,light,3
2024-03-20,25.219789473684212,1008.4826263157894,10348.705263157895,0.0,58.05663157894737,0.0,light,3,2,24.054315789473684,1008.4120273684211,12161.926315789473,0.0,57.06821052631579,0.0,bright,0
2024-03-21,25.992526315789473,1008.5681494736842,7202.894736842105,0.0,62.422526315789476,0.0,bright,3,3,25.219789473684212,1008.4826263157894,10348.705263157895,0.0,58.05663157894737,0.0,bright,0
2024-03-22,25.892105263157895,1006.8028315789473,7336.852631578948,0.0,57.69052631578948,0.0,bright,3,4,25.992526315789473,1008.5681494736842,7202.894736842105,0.0,62.422526315789476,0.0,bright,0
2024-03-23,25.9756338028169,1006.2616112676056,8334.718309859154,0.0,55.70323943661972,0.0,bright,3,5,25.892105263157895,1006.8028315789473,7336.852631578948,0.0,57.69052631578948,0.0,bright,0
2024-03-25,25.44056603773585,1008.6730867924529,5017.396226415094,0.0,57.23018867924528,0.0,bright,3,0,25.9756338028169,1006.2616112676056,8334.718309859154,0.0,55.70323943661972,0.0,bright,0
2024-03-26,25.284949494949494,1004.5517161616162,7377.707070707071,0.06915454545454545,54.94464646464646,0.024343434343434344,bright,3,1,25.44056603773585,1008.6730867924529,5017.396226415094,0.0,57.23018867924528,0.0,bright,0
2024-03-27,25.98873684210526,1010.5708168421053,8406.136842105263,0.0,56.2858947368421,0.0,bright,3,2,25.284949494949494,1004.5517161616162,7377.707070707071,0.06915454545454545,54.94464646464646,0.024343434343434344,bright,0
2024-03-28,25.445684210526316,1006.8319210526316,8927.136842105263,0.024022105263157893,58.15778947368421,0.0,bright,3,3,25.98873684210526,1010.5708168421053,8406.136842105263,0.0,56.2858947368421,0.0,bright,0
2024-03-29,25.334736842105265,1007.6021747368421,8350.578947368422,0.0,56.22757894736842,0.0,bright,3,4,25.445684210526316,1006.8319210526316,8927.136842105263,0.024022105263157893,58.15778947368421,0.0,bright,0
2024-03-30,25.874000000000002,1008.5346021052633,6903.210526315789,0.0,56.41410526315789,0.0,bright,3,5,25.334736842105265,1007.6021747368421,8350.578947368422,0.0,56.22757894736842,0.0,bright,0
2024-03-31,27.230210526315787,1009.3751031578947,8457.242105263158,0.0,54.52326315789474,0.0,bright,3,6,25.874000000000002,1008.5346021052633,6903.210526315789,0.0,56.41410526315789,0.0,bright,0
2024-04-03,25.28157894736842,1009.0014589473685,7742.115789473684,0.0,56.087999999999994,0.0,bright,4,2,27.230210526315787,1009.3751031578947,8457.242105263158,0.0,54.52326315789474,0.0,bright,0
2024-04-04,31.058874172185433,1000.0458245033112,6390.754966887417,0.6800960264900662,45.210331125827814,0.08927152317880795,bright,4,3,25.28157894736842,1009.0014589473685,7742.115789473684,0.0,56.087999999999994,0.0,bright,0
2024-04-05,28.5827027027027,1000.4474027027027,8676.927927927927,0.4317486486486486,51.067927927927926,0.2000900900900901,bright,4,4,31.058874172185433,1000.0458245033112,6390.754966887417,0.6800960264900662,45.210331125827814,0.08927152317880795,bright,0
2024-04-06,26.51684210526316,1003.4336094736841,9800.136842105263,0.0,56.15915789473684,0.0,bright,4,5,28.5827027027027,1000.4474027027027,8676.927927927927,0.4317486486486486,51.067927927927926,0.2000900900900901,bright,0
2024-04-07,26.34063157894737,1002.617445263158,10490.147368421052,0.0,54.70842105263158,0.0,bright,4,6,26.51684210526316,1003.4336094736841,9800.136842105263,0.0,56.15915789473684,0.0,bright,0
2024-04-08,29.021382978723405,1003.7508308510638,11510.13829787234,1.9422127659574466,53.96223404255319,0.0,bright,4,0,26.34063157894737,1002.617445263158,10490.147368421052,0.0,54.70842105263158,0.0,dim,2
2024-04-09,26.503052631578946,1003.2509010526317,10646.61052631579,0.0,55.02263157894736,0.0,dim,4,1,29.021382978723405,1003.7508308510638,11510.13829787234,1.9422127659574466,53.96223404255319,0.0,bright,0
2024-04-10,26.834736842105265,1004.040265263158,10046.21052631579,0.0,58.18378947368421,0.0,bright,4,2,26.503052631578946,1003.2509010526317,10646.61052631579,0.0,55.02263157894736,0.0,dim,2
2024-04-11,28.677291666666665,999.8218010416667,9595.8125,0.0,55.7890625,0.0007812499999999999,dim,4,3,26.834736842105265,1004.040265263158,10046.21052631579,0.0,58.18378947368421,0.0,bright,0
2024-04-12,27.012690355329948,999.3660065989847,8142.989847715736,0.0,62.821472081218275,0.0009137055837563451,bright,4,4,28.677291666666665,999.8218010416667,9595.8125,0.0,55.7890625,0.0007812499999999999,bright,0
2024-04-13,30.976979166666666,999.5331546875,7287.239583333333,0.7369281249999999,53.87973958333333,0.11307291666666668,bright,4,5,27.012690355329948,999.3660065989847,8142.989847715736,0.0,62.821472081218275,0.0009137055837563451,bright,0
2024-04-14,32.6539378238342,999.6505010362695,7277.4559585492225,0.8513533678756476,53.332331606217615,0.10632124352331607,bright,4,6,30.976979166666666,999.5331546875,7287.239583333333,0.7369281249999999,53.87973958333333,0.11307291666666668,bright,0
2024-04-15,31.64821989528796,1000.1651607329842,7483.90052356021,1.0992314136125654,49.13973821989529,0.13303664921465969,bright,4,0,32.6539378238342,999.6505010362695,7277.4559585492225,0.8513533678756476,53.332331606217615,0.10632124352331607,bright,0
2024-04-16,31.754248704663212,999.1217953367875,7874.103626943005,0.9222994818652849,46.461502590673575,0.11709844559585493,bright,4,1,31.64821989528796,1000.1651607329842,7483.90052356021,1.0992314136125654,49.13973821989529,0.13303664921465969,bright,0
2024-04-17,31.783645833333335,997.741584375,8104.864583333333,0.546753125,45.34020833333333,0.13364583333333332,bright,4,2,31.754248704663212,999.1217953367875,7874.103626943005,0.9222994818652849,46.461502590673575,0.11709844559585493,bright,0
2024-04-18,31.332251308900524,996.6436387434555,8735.596858638743,13.632859162303665,48.144712041884816,0.10979057591623036,bright,4,3,31.783645833333335,997.741584375,8104.864583333333,0.546753125,45.34020833333333,0.13364583333333332,dim,2
2024-04-19,32.5110294117647,992.4688095588235,14047.713235294117,0.0,52.441691176470584,0.13941176470588235,dim,4,4,31.332251308900524,996.6436387434555,8735.596858638743,13.632859162303665,48.144712041884816,0.10979057591623036,dim,2
2024-04-20,34.71814432989691,988.0830927835051,17323.082474226805,0.0,49.3580412371134,0.2054639175257732,dim,4,5,32.5110294117647,992.4688095588235,14047.713235294117,0.0,52.441691176470584,0.13941176470588235,dim,2
2024-04-21,35.09552083333333,988.6430541666667,17398.09375,0.0,47.62864583333334,0.21239583333333334,dim,4,6,34.71814432989691,988.0830927835051,17323.082474226805,0.0,49.3580412371134,0.2054639175257732,dim,2
2024-04-22,33.952083333333334,989.3104468749999,16903.197916666668,1.09350625,44.48322916666667,0.20041666666666666,dim,4,0,35.09552083333333,988.6430541666667,17398.09375,0.0,47.62864583333334,0.21239583333333334,dim,2
2024-04-23,34.02473684210526,988.5560705263158,16876.44210526316,0.4323978947368421,44.327052631578944,0.1963157894736842,dim,4,1,33.952083333333334,989.3104468749999,16903.197916666668,1.09350625,44.48322916666667,0.20041666666666666,dim,2
2024-04-24,31.664020618556698,988.478543298969,16167.123711340206,1.5527690721649483,38.92845360824742,0.17793814432989694,dim,4,2,34.02473684210526,988.5560705263158,16876.44210526316,0.4323978947368421,44.327052631578944,0.1963157894736842,dim,2
2024-04-25,30.205789473684213,988.341892631579,16458.926315789475,0.0,41.648526315789475,0.17484210526315788,dim,4,3,31.664020618556698,988.478543298969,16167.123711340206,1.5527690721649483,38.92845360824742,0.17793814432989694,dim,2
2024-04-26,28.78239436619718,992.8507577464788,13014.464788732394,2.0571042253521123,45.26091549295775,0.11507042253521127,dim,4,4,30.205789473684213,988.341892631579,16458.926315789475,0.0,41.648526315789475,0.17484210526315788,dim,2
2024-04-27,27.998210526315788,996.2033726315789,12350.67894736842,1.2251273684210526,48.029526315789475,0.11947368421052632,dim,4,5,28.78239436619718,992.8507577464788,13014.464788732394,2.0571042253521123,45.26091549295775,0.11507042253521127,dim,2
2024-04-28,32.075520833333336,996.6580375,13933.682291666666,0.546753125,50.58145833333333,0.11265625,dim,4,6,27.998210526315788,996.2033726315789,12350.67894736842,1.2251273684210526,48.029526315789475,0.11947368421052632,dim,2
2024-04-29,30.847905759162302,997.6698612565444,12276.931937172774,0.23896335078534028,50.99701570680629,0.10549738219895287,dim,4,0,32.075520833333336,996.6580375,13933.682291666666,0.546753125,50.58145833333333,0.11265625,dim,2
2024-04-30,28.796197916666667,996.2695114583333,12526.848958333334,0.9746468749999999,48.767656249999995,0.08932291666666665,dim,4,1,30.847905759162302,997.6698612565444,12276.931937172774,0.23896335078534028,50.99701570680629,0.10549738219895287,bright,0
2024-05-03,24.88115789473684,1008.9609515789474,6799.094736842106,0.0,56.77094736842105,0.0,bright,5,4,28.796197916666667,996.2695114583333,12526.848958333334,0.9746468749999999,48.767656249999995,0.08932291666666665,bright,0
2024-05-04,31.47648854961832,1000.9992114503817,6867.87786259542,0.6271419847328243,47.60740458015267,0.13435114503816795,bright,5,5,24.88115789473684,1008.9609515789474,6799.094736842106,0.0,56.77094736842105,0.0,bright,0
2024-05-05,30.52094736842105,1001.5100768421051,8701.978947368421,0.0,54.22463157894737,0.0,bright,5,6,31.47648854961832,1000.9992114503817,6867.87786259542,0.6271419847328243,47.60740458015267,0.13435114503816795,bright,0
2024-05-06,25.896315789473686,1003.7820473684211,9708.431578947368,0.0,56.69305263157895,0.0,bright,5,0,30.52094736842105,1001.5100768421051,8701.978947368421,0.0,54.22463157894737,0.0,bright,0
2024-05-07,25.903789473684213,1001.101612631579,10196.22105263158,0.0,54.962842105263164,0.0,bright,5,1,25.896315789473686,1003.7820473684211,9708.431578947368,0.0,56.69305263157895,0.0,bright,0
2024-05-08,27.412947368421055,1004.4336168421053,9586.705263157895,0.0,55.78505263157895,0.0,bright,5,2,25.903789473684213,1001.101612631579,10196.22105263158,0.0,54.962842105263164,0.0,dim,2
2024-05-09,26.689684210526316,1001.4968884210526,10729.431578947368,0.0,56.61094736842105,0.0,dim,5,3,27.412947368421055,1004.4336168421053,9586.705263157895,0.0,55.78505263157895,0.0,bright,0
2024-05-10,27.440526315789473,1004.5097094736842,10508.378947368421,0.0,58.857157894736844,0.0,bright,5,4,26.689684210526316,1001.4968884210526,10729.431578947368,0.0,56.61094736842105,0.0,dim,2
2024-05-11,28.71181818181818,1000.2233962566845,8813.962566844919,0.0,52.36978609625668,0.0012299465240641712,dim,5,5,27.440526315789473,1004.5097094736842,10508.378947368421,0.0,58.857157894736844,0.0,dim,2
2024-05-12,27.5546875,1000.0467307291666,9256.90625,0.0,58.71078125,0.0010416666666666667,dim,5,6,28.71181818181818,1000.2233962566845,8813.962566844919,0.0,52.36978609625668,0.0012299465240641712,bright,0
2024-05-13,28.604109589041094,999.0994178082193,8223.808219178081,5.978393835616439,53.14890410958904,0.0008904109589041097,bright,5,0,27.5546875,1000.0467307291666,9256.90625,0.0,58.71078125,0.0010416666666666667,bright,0
2024-05-14,27.159270833333334,1004.527240625,5485.947916666667,0.7131562499999999,53.38885416666667,0.0,bright,5,1,28.604109589041094,999.0994178082193,8223.808219178081,5.978393835616439,53.14890410958904,0.0008904109589041097,bright,0
2024-05-15,26.86715789473684,1005.1664221052632,5389.0526315789475,0.0,53.89052631578948,0.0,bright,5,2,27.159270833333334,1004.527240625,5485.947916666667,0.7131562499999999,53.38885416666667,0.0,bright,0
2024-05-16,26.231684210526318,1005.5467421052631,5278.115789473684,0.0,54.509684210526316,0.0,bright,5,3,26.86715789473684,1005.1664221052632,5389.0526315789475,0.0,53.89052631578948,0.0,bright,0
2024-05-17,26.035476190476192,1004.7263785714285,4954.9047619047615,0.0,53.01571428571428,0.0,bright,5,4,26.231684210526318,1005.5467421052631,5278.115789473684,0.0,54.509684210526316,0.0,bright,0
2024-05-20,25.509999999999998,1000.68807,9914.733333333334,2.2821,60.61866666666666,0.0,bright,5,0,26.035476190476192,1004.7263785714285,4954.9047619047615,0.0,53.01571428571428,0.0,bright,0
2024-05-21,26.266526315789477,1000.1732947368422,9652.673684210526,0.024022105263157893,59.67273684210526,0.0,bright,5,1,25.509999999999998,1000.68807,9914.733333333334,2.2821,60.61866666666666,0.0,bright,0
2024-05-22,26.206315789473685,999.2047852631579,9880.326315789474,0.0,60.95210526315789,0.0,bright,5,2,26.266526315789477,1000.1732947368422,9652.673684210526,0.024022105263157893,59.67273684210526,0.0,bright,0
2024-05-23,26.267916666666665,998.2659968749999,9764.34375,0.594296875,60.8478125,0.0,bright,5,3,26.206315789473685,999.2047852631579,9880.326315789474,0.0,60.95210526315789,0.0,dim,2
2024-05-24,25.92705263157895,997.10094,10286.6,0.0,60.12621052631579,0.0,dim,5,4,26.267916666666665,998.2659968749999,9764.34375,0.594296875,60.8478125,0.0,dim,2
2024-05-25,26.724000000000004,996.62976,10075.347368421053,0.0,58.80978947368421,0.0,dim,5,5,25.92705263157895,997.10094,10286.6,0.0,60.12621052631579,0.0,dim,2
2024-05-26,28.84936842105263,997.1608315789473,14432.61052631579,0.0,56.973052631578945,0.0,dim,5,6,26.724000000000004,996.62976,10075.347368421053,0.0,58.80978947368421,0.0,bright,0
2024-05-27,26.938105263157894,997.4053178947369,8550.368421052632,0.0,53.01463157894737,0.0,bright,5,0,28.84936842105263,997.1608315789473,14432.61052631579,0.0,56.973052631578945,0.0,bright,0
2024-05-28,26.551473684210524,998.1836852631579,6202.421052631579,0.0,52.29831578947368,0.0,bright,5,1,26.938105263157894,997.4053178947369,8550.368421052632,0.0,53.01463157894737,0.0,dim,2
2024-05-29,26.125894736842106,998.1315189473685,9862.61052631579,0.0,54.72610526315789,0.0,dim,5,2,26.551473684210524,998.1836852631579,6202.421052631579,0.0,52.29831578947368,0.0,bright,0
2024-05-30,25.9944,998.225709,8244.91,0.0,49.8429,0.0003,bright,5,3,26.125894736842106,998.1315189473685,9862.61052631579,0.0,54.72610526315789,0.0,dark,1
2024-05-31,27.937268041237115,996.0999046391752,11942.072164948453,0.0,52.22,0.003969072164948454,dark,5,4,25.9944,998.225709,8244.91,0.0,49.8429,0.0003,bright,0
2024-06-03,24.924109589041095,1008.4416917808219,8303.931506849314,0.0,57.31643835616439,0.0,bright,6,0,27.937268041237115,996.0999046391752,11942.072164948453,0.0,52.22,0.003969072164948454,bright,0
2024-06-04,32.1603076923077,1000.1026930769231,6513.384615384615,0.6144115384615384,46.953,0.06776923076923078,bright,6,1,24.924109589041095,1008.4416917808219,8303.931506849314,0.0,57.31643835616439,0.0,bright,0
2024-06-05,28.368529411764708,1001.3624421568628,10081.186274509804,36.961070588235295,54.13323529411765,0.0002941176470588235,bright,6,2,32.1603076923077,1000.1026930769231,6513.384615384615,0.6144115384615384,46.953,0.06776923076923078,dim,2
2024-06-06,26.83178947368421,1004.4620631578947,9818.568421052632,0.0,57.038315789473685,0.0,dim,6,3,28.368529411764708,1001.3624421568628,10081.186274509804,36.961070588235295,54.13323529411765,0.0002941176470588235,bright,0
2024-06-07,26.694421052631576,1001.1577010526315,7411.631578947368,0.0,52.584105263157895,0.0,bright,6,4,26.83178947368421,1004.4620631578947,9818.568421052632,0.0,57.038315789473685,0.0,bright,0
2024-06-08,26.55242105263158,1002.9796926315789,10036.431578947368,0.0,54.75284210526316,0.0,bright,6,5,26.694421052631576,1001.1577010526315,7411.631578947368,0.0,52.584105263157895,0.0,dark,1
2024-06-09,28.84193103448276,998.1151666666666,12078.64,0.36600666666666665,57.517266666666664,0.10386666666666666,dark,6,6,26.55242105263158,1002.9796926315789,10036.431578947368,0.0,54.75284210526316,0.0,dim,2
2024-06-10,29.138105263157893,1005.2888610526315,13608.526315789473,0.0,58.71157894736842,0.0,dim,6,0,28.84193103448276,998.1151666666666,12078.64,0.36600666666666665,57.517266666666664,0.10386666666666666,bright,0
2024-06-11,28.772938144329895,999.7304391752577,7407.2474226804125,0.0,52.18298969072165,0.0010824742268041236,bright,6,1,29.138105263157893,1005.2888610526315,13608.526315789473,0.0,58.71157894736842,0.0,dim,2
2024-06-12,28.039476439790576,1000.064419895288,9772.842931937173,0.0,59.61010471204189,0.0008900523560209424,dim,6,2,28.772938144329895,999.7304391752577,7407.2474226804125,0.0,52.18298969072165,0.0010824742268041236,bright,0
2024-06-13,25.68821052631579,1003.2707473684211,5397.789473684211,0.0,53.78842105263158,0.0,bright,6,3,28.039476439790576,1000.064419895288,9772.842931937173,0.0,59.61010471204189,0.0008900523560209424,bright,0
2024-06-14,25.81136842105263,1001.9814042105263,5413.4,0.0,51.80042105263158,0.0,bright,6,4,25.68821052631579,1003.2707473684211,5397.789473684211,0.0,53.78842105263158,0.0,bright,0
2024-06-15,26.47684210526316,1001.3816231578946,5448.41052631579,0.0,55.78936842105263,0.0,bright,6,5,25.81136842105263,1001.9814042105263,5413.4,0.0,51.80042105263158,0.0,bright,0
2024-06-16,28.587263157894736,1001.6372936842105,7730.2947368421055,0.0,57.665368421052634,0.0,bright,6,6,26.47684210526316,1001.3816231578946,5448.41052631579,0.0,55.78936842105263,0.0,dim,2
2024-06-17,26.269368421052633,1002.0782610526317,10104.736842105263,0.0,59.24873684210527,0.0,dim,6,0,28.587263157894736,1001.6372936842105,7730.2947368421055,0.0,57.665368421052634,0.0,bright,0
2024-06-18,26.860151515151514,1002.2995833333334,10062.318181818182,0.0,59.15060606060606,0.0,bright,6,1,26.269368421052633,1002.0782610526317,10104.736842105263,0.0,59.24873684210527,0.0,dark,1
2024-06-19,34.108000000000004,985.5256943396226,18598.528301886792,0.0,48.64867924528302,0.5541509433962264,dark,6,2,26.860151515151514,1002.2995833333334,10062.318181818182,0.0,59.15060606060606,0.0,dark,1
2024-06-20,33.67980392156863,989.8041033333334,18121.033333333333,0.0,48.359,0.6466666666666666,dark,6,3,34.108000000000004,985.5256943396226,18598.528301886792,0.0,48.64867924528302,0.5541509433962264,bright,0
2024-06-21,25.454705882352943,999.9034490196079,8430.372549019608,2.2821,51.73980392156863,0.0,bright,6,4,33.67980392156863,989.8041033333334,18121.033333333333,0.0,48.359,0.6466666666666666,dim,2
2024-06-22,26.58421052631579,998.8730178947369,10576.115789473684,0.0,52.886210526315786,0.0,dim,6,5,25.454705882352943,999.9034490196079,8430.372549019608,2.2821,51.73980392156863,0.0,dark,1
2024-06-23,29.621923076923075,990.4962530534351,16380.400763358779,0.0,53.243511450381675,0.0019465648854961833,dark,6,6,26.58421052631579,998.8730178947369,10576.115789473684,0.0,52.886210526315786,0.0,dark,1
2024-06-24,28.422588235294118,992.1829488235295,12604.80588235294,0.6309335294117646,50.80605882352942,0.0031176470588235297,dark,6,0,29.621923076923075,990.4962530534351,16380.400763358779,0.0,53.243511450381675,0.0019465648854961833,dark,1
2024-06-25,28.52350785340314,991.1990020942409,11602.623036649215,0.0,52.113717277486906,0.0032984293193717277,dark,6,1,28.422588235294118,992.1829488235295,12604.80588235294,0.6309335294117646,50.80605882352942,0.0031176470588235297,dark,1
2024-06-26,28.302920792079206,991.5112594059406,11801.074257425742,0.0,52.3559900990099,0.00400990099009901,dark,6,2,28.52350785340314,991.1990020942409,11602.623036649215,0.0,52.113717277486906,0.0032984293193717277,dark,1
2024-06-27,27.989005235602093,993.2537963350786,11604.047120418849,0.0,51.87429319371728,0.003612565445026178,dark,6,3,28.302920792079206,991.5112594059406,11801.074257425742,0.0,52.3559900990099,0.00400990099009901,dark,1
2024-06-28,27.429559748427675,995.7688081761007,12323.314465408805,0.0,54.58974842767296,0.0031446540880503146,dark,6,4,27.989005235602093,993.2537963350786,11604.047120418849,0.0,51.87429319371728,0.003612565445026178,dark,1
2024-06-29,28.180421052631576,994.6394663157894,14202.242105263158,0.0,56.93621052631578,0.0040526315789473685,dark,6,5,27.429559748427675,995.7688081761007,12323.314465408805,0.0,54.58974842767296,0.0031446540880503146,dark,1
2024-06-30,29.40980198019802,995.3598851485149,15823.90099009901,0.0,56.507722772277226,0.004257425742574258,dark,6,6,28.180421052631576,994.6394663157894,14202.242105263158,0.0,56.93621052631578,0.0040526315789473685,bright,0
2024-07-03,25.18357894736842,1008.0060621052631,8415.157894736842,0.0,56.74463157894736,0.0,bright,7,2,29.40980198019802,995.3598851485149,15823.90099009901,0.0,56.507722772277226,0.004257425742574258,bright,0
2024-07-04,29.46153846153846,1002.6320951923078,10432.682692307691,0.19748942307692305,49.51942307692308,0.03173076923076923,bright,7,3,25.18357894736842,1008.0060621052631,8415.157894736842,0.0,56.74463157894736,0.0,bright,0
2024-07-05,26.74715789473684,1004.2973684210526,9652.852631578948,0.0,57.4098947368421,0.0,bright,7,4,29.46153846153846,1002.6320951923078,10432.682692307691,0.19748942307692305,49.51942307692308,0.03173076923076923,dim,2
2024-07-06,27.001368421052632,1003.3881084210526,10053.252631578947,0.0,56.532105263157895,0.0,dim,7,5,26.74715789473684,1004.2973684210526,9652.852631578948,0.0,57.4098947368421,0.0,dim,2
2024-07-07,28.524177215189873,1000.5447113924051,13847.949367088608,0.0,57.53215189873418,0.0,dim,7,6,27.001368421052632,1003.3881084210526,10053.252631578947,0.0,56.532105263157895,0.0,dim,2
2024-07-08,26.74473684210526,1003.4031621052633,10421.905263157894,1.2011052631578947,59.04252631578947,0.0,dim,7,0,28.524177215189873,1000.5447113924051,13847.949367088608,0.0,57.53215189873418,0.0,dim,2
2024-07-09,29.002042253521125,999.0851838028169,12952.802816901409,0.3303901408450704,58.17591549295774,0.0958450704225352,dim,7,1,26.74473684210526,1003.4031621052633,10421.905263157894,1.2011052631578947,59.04252631578947,0.0,bright,0
2024-07-10,26.09265625,1003.8780896551725,11272.0,0.0,55.6435632183908,0.08563218390804597,bright,7,2,29.002042253521125,999.0851838028169,12952.802816901409,0.3303901408450704,58.17591549295774,0.0958450704225352,dim,2
2024-07-11,28.747486910994766,999.8026350785341,8979.759162303664,0.0,55.71026178010471,0.000994764397905759,dim,7,3,26.09265625,1003.8780896551725,11272.0,0.0,55.6435632183908,0.08563218390804597,bright,0
2024-07-12,26.948013245033113,1001.7932741721854,9843.708609271524,0.0,62.10880794701987,0.0006622516556291391,bright,7,4,28.747486910994766,999.8026350785341,8979.759162303664,0.0,55.71026178010471,0.000994764397905759,bright,0
2024-07-13,26.108936170212765,1000.6892776595745,7508.287234042553,0.0,57.350531914893615,0.0,bright,7,5,26.948013245033113,1001.7932741721854,9843.708609271524,0.0,62.10880794701987,0.0006622516556291391,dim,2
2024-07-14,27.98873684210526,999.6100957894738,13761.463157894737,0.0,64.12094736842106,0.0,dim,7,6,26.108936170212765,1000.6892776595745,7508.287234042553,0.0,57.350531914893615,0.0,dim,2
2024-07-15,26.272000000000002,999.0055957894737,10390.336842105264,0.0,57.892526315789475,0.0,dim,7,0,27.98873684210526,999.6100957894738,13761.463157894737,0.0,64.12094736842106,0.0,bright,0
2024-07-16,25.837263157894736,998.8569673684211,9650.168421052631,0.0,54.88978947368421,0.0,bright,7,1,26.272000000000002,999.0055957894737,10390.336842105264,0.0,57.892526315789475,0.0,bright,0
2024-07-17,25.789894736842104,999.7215010526315,10021.305263157894,0.0,55.561157894736844,0.0,bright,7,2,25.837263157894736,998.8569673684211,9650.168421052631,0.0,54.88978947368421,0.0,bright,0
2024-07-18,26.044631578947367,999.63026,9992.2,0.0,54.310526315789474,0.0,bright,7,3,25.789894736842104,999.7215010526315,10021.305263157894,0.0,55.561157894736844,0.0,dim,2
2024-07-19,26.35864583333333,998.7570302083333,10230.1875,0.11289166666666667,55.573437500000004,0.0,dim,7,4,26.044631578947367,999.63026,9992.2,0.0,54.310526315789474,0.0,dim,2
2024-07-20,26.137368421052635,999.5577831578948,10259.473684210527,0.0,53.02947368421053,0.0,dim,7,5,26.35864583333333,998.7570302083333,10230.1875,0.11289166666666667,55.573437500000004,0.0,dim,2
2024-07-21,28.210105263157896,1000.2778494736841,14267.842105263158,0.0,55.990736842105264,0.0,dim,7,6,26.137368421052635,999.5577831578948,10259.473684210527,0.0,53.02947368421053,0.0,bright,0
2024-07-22,26.844947368421053,1002.1899978947367,9300.094736842106,0.0,51.86294736842106,0.0,bright,7,0,28.210105263157896,1000.2778494736841,14267.842105263158,0.0,55.990736842105264,0.0,bright,0
2024-07-23,26.06115789473684,1002.9039515789474,7037.58947368421,0.0,48.55547368421053,0.0,bright,7,1,26.844947368421053,1002.1899978947367,9300.094736842106,0.0,51.86294736842106,0.0,bright,0
2024-07-24,26.148315789473685,1000.9926621052631,6642.578947368421,0.0,48.712315789473685,0.0,bright,7,2,26.06115789473684,1002.9039515789474,7037.58947368421,0.0,48.55547368421053,0.0,bright,0
2024-07-25,26.541684210526316,999.4686810526315,7317.6736842105265,0.0,49.717368421052626,0.0,bright,7,3,26.148315789473685,1000.9926621052631,6642.578947368421,0.0,48.712315789473685,0.0,bright,0
2024-07-26,26.84315789473684,999.5411210526315,9622.294736842105,0.0,51.16768421052632,0.0,bright,7,4,26.541684210526316,999.4686810526315,7317.6736842105265,0.0,49.717368421052626,0.0,bright,0
2024-07-27,27.023473684210526,999.4091452631578,8809.926315789473,0.0,46.573052631578946,0.0,bright,7,5,26.84315789473684,999.5411210526315,9622.294736842105,0.0,51.16768421052632,0.0,bright,0
2024-07-28,29.317263157894736,998.4331968421052,8777.705263157895,0.0,49.486105263157896,0.0,bright,7,6,27.023473684210526,999.4091452631578,8809.926315789473,0.0,46.573052631578946,0.0,bright,0
2024-07-29,27.262315789473686,998.1964715789474,8779.421052631578,0.0,48.09242105263158,0.0,bright,7,0,29.317263157894736,998.4331968421052,8777.705263157895,0.0,49.486105263157896,0.0,bright,0
2024-07-30,26.28442105263158,1000.6847157894737,7209.7052631578945,0.0,46.84768421052631,0.0,bright,7,1,27.262315789473686,998.1964715789474,8779.421052631578,0.0,48.09242105263158,0.0,bright,0
2024-07-31,26.348631578947366,1002.2126842105264,9245.905263157894,0.0,49.50642105263157,0.0,bright,7,2,26.28442105263158,1000.6847157894737,7209.7052631578945,0.0,46.84768421052631,0.0,bright,0
2024-08-03,24.897368421052633,1008.2690694736842,7426.852631578948,0.0,59.59515789473684,0.0,bright,8,5,26.348631578947366,1002.2126842105264,9245.905263157894,0.0,49.50642105263157,0.0,bright,0
2024-08-04,32.556938775510204,999.934774829932,8151.60544217687,0.807273469387755,45.41176870748299,0.1272108843537415,bright,8,6,24.897368421052633,1008.2690694736842,7426.852631578948,0.0,59.59515789473684,0.0,bright,0
2024-08-05,26.81351063829787,1005.0288117021277,9716.08510638298,0.0,60.26425531914894,0.0,bright,8,0,32.556938775510204,999.934774829932,8151.60544217687,0.807273469387755,45.41176870748299,0.1272108843537415,dim,2
2024-08-06,26.280421052631578,1002.5819347368422,9936.936842105262,0.0,58.6418947368421,0.0,dim,8,1,26.81351063829787,1005.0288117021277,9716.08510638298,0.0,60.26425531914894,0.0,bright,0
2024-08-07,26.81970588235294,999.6597941176469,5698.176470588235,2.2821,48.61941176470588,0.0,bright,8,2,26.280421052631578,1002.5819347368422,9936.936842105262,0.0,58.6418947368421,0.0,bright,0
2024-08-08,26.591157894736842,1003.9556284210527,9904.031578947368,0.0,56.996947368421054,0.0,bright,8,3,26.81970588235294,999.6597941176469,5698.176470588235,2.2821,48.61941176470588,0.0,dark,1
2024-08-09,30.532113402061853,997.7498097938144,14511.329896907217,0.0,58.85644329896907,0.1438659793814433,dark,8,4,26.591157894736842,1003.9556284210527,9904.031578947368,0.0,56.996947368421054,0.0,bright,0
2024-08-10,26.385368421052632,1003.74062,11131.037037037036,0.0,54.18948148148148,0.09148148148148148,bright,8,5,30.532113402061853,997.7498097938144,14511.329896907217,0.0,58.85644329896907,0.1438659793814433,dim,2
2024-08-11,28.512041884816753,999.7894549738219,9325.115183246073,0.0,58.230366492146594,0.0007853403141361256,dim,8,6,26.385368421052632,1003.74062,11131.037037037036,0.0,54.18948148148148,0.09148148148148148,dim,2
2024-08-12,27.981736842105263,999.8904089473684,10931.763157894737,0.0,57.447,0.0007894736842105263,dim,8,0,28.512041884816753,999.7894549738219,9325.115183246073,0.0,58.230366492146594,0.0007853403141361256,bright,0
2024-08-13,26.852680412371136,1002.0101577319588,6432.690721649485,0.017641237113402063,56.55969072164948,0.050412371134020625,bright,8,1,27.981736842105263,999.8904089473684,10931.763157894737,0.0,57.447,0.0007894736842105263,bright,0
2024-08-14,26.428631578947368,1001.959487368421,10085.263157894737,0.0,61.98305263157895,0.0,bright,8,2,26.852680412371136,1002.0101577319588,6432.690721649485,0.017641237113402063,56.55969072164948,0.050412371134020625,bright,0
2024-08-15,28.34305263157895,1001.197685263158,11127.168421052631,0.0,60.768210526315784,0.0,bright,8,3,26.428631578947368,1001.959487368421,10085.263157894737,0.0,61.98305263157895,0.0,bright,0
2024-08-16,27.332,1000.5445421052631,7513.9473684210525,0.0,55.8598947368421,0.0,bright,8,4,28.34305263157895,1001.197685263158,11127.168421052631,0.0,60.768210526315784,0.0,bright,0
2024-08-17,26.980315789473686,1001.3713715789473,6774.368421052632,0.0,52.91936842105263,0.0,bright,8,5,27.332,1000.5445421052631,7513.9473684210525,0.0,55.8598947368421,0.0,bright,0
2024-08-18,28.101473684210525,1001.9310094736843,7284.368421052632,0.0,53.9081052631579,0.0,bright,8,6,26.980315789473686,1001.3713715789473,6774.368421052632,0.0,52.91936842105263,0.0,bright,0
2024-08-19,26.273595505617976,1001.6990550561798,9210.38202247191,1.0513044943820224,52.62797752808989,0.0,bright,8,0,28.101473684210525,1001.9310094736843,7284.368421052632,0.0,53.9081052631579,0.0,bright,0
2024-08-20,26.928631578947368,1001.8461452631578,9730.905263157894,0.0,54.415263157894735,0.0,bright,8,1,26.273595505617976,1001.6990550561798,9210.38202247191,1.0513044943820224,52.62797752808989,0.0,bright,0
2024-08-21,26.959473684210526,1003.1588894736843,9311.147368421052,0.0,56.20073684210526,0.0,bright,8,2,26.928631578947368,1001.8461452631578,9730.905263157894,0.0,54.415263157894735,0.0,bright,0
2024-08-22,26.13778947368421,1004.0907378947369,8266.968421052632,0.0,53.57873684210526,0.0,bright,8,3,26.959473684210526,1003.1588894736843,9311.147368421052,0.0,56.20073684210526,0.0,dim,2
2024-08-23,27.80821138211382,1000.5552243902439,7961.674796747968,0.02782439024390244,52.96747967479675,0.0017073170731707317,dim,8,4,26.13778947368421,1004.0907378947369,8266.968421052632,0.0,53.57873684210526,0.0,dark,1
2024-08-24,28.340068027210883,999.1921612244898,6665.748299319728,0.021341496598639455,51.820952380952384,0.004081632653061225,dark,8,5,27.80821138211382,1000.5552243902439,7961.674796747968,0.02782439024390244,52.96747967479675,0.0017073170731707317,dim,2
2024-08-25,26.178297872340426,1003.8146914893617,12092.425531914894,0.0,50.767659574468084,0.0,dim,8,6,28.340068027210883,999.1921612244898,6665.748299319728,0.021341496598639455,51.820952380952384,0.004081632653061225,bright,0
2024-08-26,24.871157894736843,1003.1031757894737,8246.484210526316,0.0,50.95821052631579,0.0,bright,8,0,26.178297872340426,1003.8146914893617,12092.425531914894,0.0,50.767659574468084,0.0,bright,0
2024-08-27,25.10272727272727,1004.1115590909092,6801.227272727273,0.0,53.01431818181818,0.0,bright,8,1,24.871157894736843,1003.1031757894737,8246.484210526316,0.0,50.95821052631579,0.0,bright,0
2024-08-28,25.628478260869567,1004.1233326086957,9147.934782608696,0.0,57.57260869565218,0.0,bright,8,2,25.10272727272727,1004.1115590909092,6801.227272727273,0.0,53.01431818181818,0.0,dim,2
2024-08-29,25.89136842105263,1002.2606094736842,10703.031578947368,0.0,55.38084210526316,0.0,dim,8,3,25.628478260869567,1004.1233326086957,9147.934782608696,0.0,57.57260869565218,0.0,dim,2
2024-08-30,26.135157894736842,1002.0404778947369,11137.78947368421,0.0,57.937684210526314,0.0,dim,8,4,25.89136842105263,1002.2606094736842,10703.031578947368,0.0,55.38084210526316,0.0,bright,0
2024-08-31,25.2631914893617,1001.5328414893618,10127.63829787234,0.0,58.914468085106385,0.0,bright,8,5,26.135157894736842,1002.0404778947369,11137.78947368421,0.0,57.937684210526314,0.0,bright,0
2024-09-03,25.103473684210524,1008.6005894736842,5000.831578947368,0.0,58.39536842105264,0.0,bright,9,1,25.2631914893617,1001.5328414893618,10127.63829787234,0.0,58.914468085106385,0.0,dim,2
2024-09-04,26.773578947368417,1007.0441536842105,10669.484210526316,23.54166315789474,58.636,0.0,dim,9,2,25.103473684210524,1008.6005894736842,5000.831578947368,0.0,58.39536842105264,0.0,bright,0
2024-09-05,26.133368421052634,1004.2171336842105,9511.452631578948,0.0,59.60863157894737,0.0,bright,9,3,26.773578947368417,1007.0441536842105,10669.484210526316,23.54166315789474,58.636,0.0,dim,2
2024-09-06,27.85784946236559,1001.9021978494624,12617.817204301075,2.1839451612903225,57.50731182795699,0.0,dim,9,4,26.133368421052634,1004.2171336842105,9511.452631578948,0.0,59.60863157894737,0.0,bright,0
2024-09-07,26.112083333333334,1001.62101875,5636.708333333333,0.8082437499999999,52.36927083333333,0.0,bright,9,5,27.85784946236559,1001.9021978494624,12617.817204301075,2.1839451612903225,57.50731182795699,0.0,bright,0
2024-09-08,26.43242105263158,1004.0122968421052,8835.884210526316,0.8407736842105262,56.08231578947368,0.0,bright,9,6,26.112083333333334,1001.62101875,5636.708333333333,0.8082437499999999,52.36927083333333,0.0,dark,1
2024-09-09,29.90440414507772,995.930470984456,11829.994818652849,0.0,56.09870466321243,0.13647668393782383,dark,9,0,26.43242105263158,1004.0122968421052,8835.884210526316,0.8407736842105262,56.08231578947368,0.0,bright,0
2024-09-10,26.948526315789476,1005.7267757894737,7695.147368421052,0.0,57.67242105263158,0.0,bright,9,1,29.90440414507772,995.930470984456,11829.994818652849,0.0,56.09870466321243,0.13647668393782383,bright,0
2024-09-11,28.509315789473685,999.839622631579,9077.378947368421,0.0,53.39221052631579,0.001368421052631579,bright,9,2,26.948526315789476,1005.7267757894737,7695.147368421052,0.0,57.67242105263158,0.0,dark,1
2024-09-12,27.57808988764045,998.8171471910113,9175.258426966293,0.0,56.396853932584264,0.0011235955056179776,dark,9,3,28.509315789473685,999.839622631579,9077.378947368421,0.0,53.39221052631579,0.001368421052631579,dark,1
2024-09-13,30.037304964539008,996.2520411347517,12080.482269503545,0.0,54.63673758865248,0.15985815602836878,dark,9,4,27.57808988764045,998.8171471910113,9175.258426966293,0.0,56.396853932584264,0.0011235955056179776,dark,1
2024-09-14,29.687395833333337,997.2000484375,12557.166666666666,0.0,54.954375,0.14041666666666666,dark,9,5,30.037304964539008,996.2520411347517,12080.482269503545,0.0,54.63673758865248,0.15985815602836878,dark,1
2024-09-15,30.997512953367874,996.3429430051813,13889.911917098445,0.0,56.240466321243524,0.1472538860103627,dark,9,6,29.687395833333337,997.2000484375,12557.166666666666,0.0,54.954375,0.14041666666666666,dark,1
2024-09-16,30.389692307692307,997.1465394871794,12383.666666666666,0.0,53.983435897435896,0.14635897435897435,dark,9,0,30.997512953367874,996.3429430051813,13889.911917098445,0.0,56.240466321243524,0.1472538860103627,dark,1
2024-09-17,30.163678756476685,996.7835575129534,12394.227979274612,0.0,54.04808290155441,0.1510880829015544,dark,9,1,30.389692307692307,997.1465394871794,12383.666666666666,0.0,53.983435897435896,0.14635897435897435,dark,1
2024-09-18,30.300949999999997,993.6720320000001,12295.325,0.0,55.1351,0.1458,dark,9,2,30.163678756476685,996.7835575129534,12394.227979274612,0.0,54.04808290155441,0.1510880829015544,dark,1
2024-09-19,29.978896551724134,996.7608089655172,12734.662068965517,0.0,54.19248275862069,0.149448275862069,dark,9,3,30.300949999999997,993.6720320000001,12295.325,0.0,55.1351,0.1458,dark,1
2024-09-20,30.289699248120304,996.3182338345864,12071.563909774437,0.0,54.16819548872181,0.148796992481203,dark,9,4,29.978896551724134,996.7608089655172,12734.662068965517,0.0,54.19248275862069,0.149448275862069,dark,1
2024-09-21,30.085677966101695,996.0922483050847,12470.059322033898,0.0,54.99127118644068,0.14559322033898306,dark,9,5,30.289699248120304,996.3182338345864,12071.563909774437,0.0,54.16819548872181,0.148796992481203,dark,1
2024-09-22,31.243769633507856,995.5903879581152,14639.507853403142,0.0,58.102722513089006,0.1487958115183246,dark,9,6,30.085677966101695,996.0922483050847,12470.059322033898,0.0,54.99127118644068,0.14559322033898306,dark,1
2024-09-23,30.740578947368423,995.1301842105263,12556.126315789474,0.0,56.89547368421052,0.14200000000000002,dark,9,0,31.243769633507856,995.5903879581152,14639.507853403142,0.0,58.102722513089006,0.1487958115183246,dark,1
2024-09-24,30.242135416666667,994.7112994791668,11882.489583333334,0.0,54.8803125,0.145625,dark,9,1,30.740578947368423,995.1301842105263,12556.126315789474,0.0,56.89547368421052,0.14200000000000002,bright,0
2024-09-25,28.32817518248175,997.3255343065694,10034.277372262773,0.0,54.35043795620438,0.08496350364963504,bright,9,2,30.242135416666667,994.7112994791668,11882.489583333334,0.0,54.8803125,0.145625,dim,2
2024-09-26,26.340105263157895,1001.8053526315789,10836.505263157895,0.0,55.40294736842105,0.0,dim,9,3,28.32817518248175,997.3255343065694,10034.277372262773,0.0,54.35043795620438,0.08496350364963504,bright,0
2024-09-27,25.530210526315788,1003.9939042105262,9975.252631578947,0.0,56.118842105263155,0.0,bright,9,4,26.340105263157895,1001.8053526315789,10836.505263157895,0.0,55.40294736842105,0.0,dim,2
2024-09-28,25.582631578947368,1005.4877021052631,11126.052631578947,0.0,54.868526315789474,0.0,dim,9,5,25.530210526315788,1003.9939042105262,9975.252631578947,0.0,56.118842105263155,0.0,dim,2
2024-09-29,27.141894736842104,1006.546774736842,12557.368421052632,0.0,54.667157894736846,0.0,dim,9,6,25.582631578947368,1005.4877021052631,11126.052631578947,0.0,54.868526315789474,0.0,bright,0
2024-09-30,27.116382978723404,1006.5935808510638,10421.81914893617,0.0,55.21010638297872,0.0,bright,9,0,27.141894736842104,1006.546774736842,12557.368421052632,0.0,54.667157894736846,0.0,bright,0
2024-10-03,25.281473684210525,1010.5067999999999,7672.6,0.0,57.483578947368414,0.0,bright,10,3,27.116382978723404,1006.5935808510638,10421.81914893617,0.0,55.21010638297872,0.0,dim,2
2024-10-04,26.947283950617283,1006.6811456790124,10894.641975308641,0.0,58.76456790123457,0.0,dim,10,4,25.281473684210525,1010.5067999999999,7672.6,0.0,57.483578947368414,0.0,bright,0
2024-10-05,26.39838383838384,1004.6915323232323,9642.111111111111,9.451121212121212,60.13323232323232,0.0008080808080808081,bright,10,5,26.947283950617283,1006.6811456790124,10894.641975308641,0.0,58.76456790123457,0.0,bright,0
2024-10-06,26.777684210526317,1001.9667726315789,9436.589473684211,0.0,57.945684210526316,0.0,bright,10,6,26.39838383838384,1004.6915323232323,9642.111111111111,9.451121212121212,60.13323232323232,0.0008080808080808081,bright,0
2024-10-07,26.008846153846154,1001.9214711538461,6951.442307692308,0.0,52.23048076923077,0.0,bright,10,0,26.777684210526317,1001.9667726315789,9436.589473684211,0.0,57.945684210526316,0.0,bright,0
2024-10-08,26.786631578947368,1003.857807368421,7618.526315789473,0.0,53.300210526315794,0.0,bright,10,1,26.008846153846154,1001.9214711538461,6951.442307692308,0.0,52.23048076923077,0.0,dark,1
2024-10-09,29.827343749999997,993.8383375,11160.463541666666,0.0,53.41651041666666,0.15640625,dark,10,2,26.786631578947368,1003.857807368421,7618.526315789473,0.0,53.300210526315794,0.0,bright,0
2024-10-10,26.611473684210527,1004.6141315789473,9703.77894736842,0.0,57.97547368421053,0.0,bright,10,3,29.827343749999997,993.8383375,11160.463541666666,0.0,53.41651041666666,0.15640625,dim,2
2024-10-11,27.98900709219858,1002.782644680851,12577.382978723404,0.0,57.70758865248227,0.0005673758865248227,dim,10,4,26.611473684210527,1004.6141315789473,9703.77894736842,0.0,57.97547368421053,0.0,bright,0
2024-10-12,28.029017341040465,998.4093809248554,8720.895953757225,0.0,57.45982658959537,0.0013294797687861272,bright,10,5,27.98900709219858,1002.782644680851,12577.382978723404,0.0,57.70758865248227,0.0005673758865248227,dim,2
2024-10-13,29.153894736842105,1005.4308294736842,13482.021052631579,0.0,66.1258947368421,0.0,dim,10,6,28.029017341040465,998.4093809248554,8720.895953757225,0.0,57.45982658959537,0.0013294797687861272,dim,2
2024-10-14,26.966736842105266,1000.6903358778627,11198.45038167939,0.45065954198473285,60.7193893129771,0.0007633587786259542,dim,10,0,29.153894736842105,1005.4308294736842,13482.021052631579,0.0,66.1258947368421,0.0,dim,2
2024-10-15,26.860714285714284,997.4252041884818,10019.858638743455,0.0,62.089790575916226,0.00015706806282722512,dim,10,1,26.966736842105266,1000.6903358778627,11198.45038167939,0.45065954198473285,60.7193893129771,0.0007633587786259542,dim,2
2024-10-16,27.559024390243906,996.231644329897,9589.613402061856,0.021316494845360825,64.17407216494846,0.0008762886597938143,dim,10,2,26.860714285714284,997.4252041884818,10019.858638743455,0.0,62.089790575916226,0.00015706806282722512,dim,2
2024-10-17,27.800523560209424,996.3951638743456,10001.86387434555,0.0,61.02534031413612,0.0013089005235602095,dim,10,3,27.559024390243906,996.231644329897,9589.613402061856,0.021316494845360825,64.17407216494846,0.0008762886597938143,dim,2
2024-10-18,27.95923469387755,997.1523061224491,9834.0,0.0,56.671938775510206,0.001530612244897959,dim,10,4,27.800523560209424,996.3951638743456,10001.86387434555,0.0,61.02534031413612,0.0013089005235602095,dim,2
2024-10-19,28.43737179487179,1000.0141564102564,10284.326923076924,0.0,60.05358974358975,0.0008333333333333334,dim,10,5,27.95923469387755,997.1523061224491,9834.0,0.0,56.671938775510206,0.001530612244897959,dim,2
2024-10-20,28.06736842105263,1006.7586568421053,13765.01052631579,0.0,64.808,0.0,dim,10,6,28.43737179487179,1000.0141564102564,10284.326923076924,0.0,60.05358974358975,0.0008333333333333334,bright,0
2024-10-21,27.58362068965517,1004.1533991379309,9723.931034482759,0.0,56.7023275862069,0.7212931034482759,bright,10,0,28.06736842105263,1006.7586568421053,13765.01052631579,0.0,64.808,0.0,bright,0
2024-10-22,28.430523560209423,999.4273528795811,8545.17277486911,0.0,57.300104712041886,1.274869109947644,bright,10,1,27.58362068965517,1004.1533991379309,9723.931034482759,0.0,56.7023275862069,0.7212931034482759,dim,2
2024-10-23,28.344554973821992,998.6206125654451,9355.251308900524,0.0,56.25910994764398,0.001675392670157068,dim,10,2,28.430523560209423,999.4273528795811,8545.17277486911,0.0,57.300104712041886,1.274869109947644,dim,2
2024-10-24,28.450877192982457,998.5460078947369,10035.649122807017,0.0,56.13070175438596,0.0011403508771929826,dim,10,3,28.344554973821992,998.6206125654451,9355.251308900524,0.0,56.25910994764398,0.001675392670157068,dim,2
2024-10-25,28.118624999999998,998.5187418749999,9336.15,0.0,56.793937500000006,0.0011875,dim,10,4,28.450877192982457,998.5460078947369,10035.649122807017,0.0,56.13070175438596,0.0011403508771929826,bright,0
2024-10-26,28.077591623036646,997.8237172774868,8118.214659685864,0.0,55.00869109947644,0.0007853403141361256,bright,10,5,28.118624999999998,998.5187418749999,9336.15,0.0,56.793937500000006,0.0011875,bright,0
2024-10-27,29.10528795811518,996.8202523560209,9417.623036649215,0.0,55.3161780104712,0.000418848167539267,bright,10,6,28.077591623036646,997.8237172774868,8118.214659685864,0.0,55.00869109947644,0.0007853403141361256,dim,2
2024-10-28,28.577157894736843,996.4611831578947,9923.605263157895,0.0,54.95263157894737,0.0007894736842105263,dim,10,0,29.10528795811518,996.8202523560209,9417.623036649215,0.0,55.3161780104712,0.000418848167539267,dim,2
2024-10-29,29.185156250000002,997.4025598958333,10350.354166666666,0.0,55.47890625,0.0007291666666666667,dim,10,1,28.577157894736843,996.4611831578947,9923.605263157895,0.0,54.95263157894737,0.0007894736842105263,dim,2
2024-10-30,28.567860696517414,998.1843223880596,10312.676616915423,0.0,55.83880597014925,0.0006965174129353234,dim,10,2,29.185156250000002,997.4025598958333,10350.354166666666,0.0,55.47890625,0.0007291666666666667,dim,2
2024-10-31,29.67109375,999.259834375,12131.817708333334,0.0,60.40732984293194,0.0004166666666666667,dim,10,3,28.567860696517414,998.1843223880596,10312.676616915423,0.0,55.83880597014925,0.0006965174129353234,bright,0
2024-11-03,26.074791666666666,1011.6403979166666,11137.25,0.0,58.193645833333335,0.0,bright,11,6,29.67109375,999.259834375,12131.817708333334,0.0,60.40732984293194,0.0004166666666666667,bright,0
2024-11-04,31.74581699346405,1001.0431392156862,8467.83660130719,0.8651098039215686,47.82673202614379,0.09843137254901961,bright,11,0,26.074791666666666,1011.6403979166666,11137.25,0.0,58.193645833333335,0.0,bright,0
2024-11-05,26.154842105263157,1005.7570115789474,9496.347368421053,0.0,59.01105263157895,0.0,bright,11,1,31.74581699346405,1001.0431392156862,8467.83660130719,0.8651098039215686,47.82673202614379,0.09843137254901961,bright,0
2024-11-06,26.25263157894737,1001.96004,9880.168421052631,0.0,55.42368421052632,0.0,bright,11,2,26.154842105263157,1005.7570115789474,9496.347368421053,0.0,59.01105263157895,0.0,dim,2
2024-11-07,28.49956790123457,996.8738419753087,9810.506172839507,16.62871790123457,56.18216049382716,0.02925925925925926,dim,11,3,26.25263157894737,1001.96004,9880.168421052631,0.0,55.42368421052632,0.0,dim,2
2024-11-08,29.051052631578948,1001.8078494736842,13488.2,0.0,62.52242105263158,0.0,dim,11,4,28.49956790123457,996.8738419753087,9810.506172839507,16.62871790123457,56.18216049382716,0.02925925925925926,dark,1
2024-11-09,29.486439790575915,997.2873214659685,12004.214659685864,0.0,54.18476439790577,0.1550261780104712,dark,11,5,29.051052631578948,1001.8078494736842,13488.2,0.0,62.52242105263158,0.0,bright,0
2024-11-10,26.380315789473684,1004.4054042105263,6482.852631578948,0.0,60.520526315789475,0.0,bright,11,6,29.486439790575915,997.2873214659685,12004.214659685864,0.0,54.18476439790577,0.1550261780104712,dim,2
2024-11-11,28.303243243243244,1000.417133108108,9598.5,0.0,53.931554054054054,0.0006081081081081081,dim,11,0,26.380315789473684,1004.4054042105263,6482.852631578948,0.0,60.520526315789475,0.0,bright,0
2024-11-12,27.90963855421687,1000.6110861445783,9119.307228915663,0.0,58.94584337349398,0.0007228915662650603,bright,11,1,28.303243243243244,1000.417133108108,9598.5,0.0,53.931554054054054,0.0006081081081081081,dim,2
2024-11-13,28.25785340314136,997.8742958115184,10808.413612565446,0.0,58.85115183246073,0.0010471204188481676,dim,11,2,27.90963855421687,1000.6110861445783,9119.307228915663,0.0,58.94584337349398,0.0007228915662650603,dim,2
2024-11-14,28.008010471204187,999.357535078534,10731.214659685864,0.0,61.89513089005235,0.0009424083769633508,dim,11,3,28.25785340314136,997.8742958115184,10808.413612565446,0.0,58.85115183246073,0.0010471204188481676,dim,2
2024-11-15,27.513886010362697,999.8968616580311,10520.455958549222,0.0,62.531088082901555,0.0006735751295336787,dim,11,4,28.008010471204187,999.357535078534,10731.214659685864,0.0,61.89513089005235,0.0009424083769633508,dim,2
2024-11-16,27.330052356020943,999.5857366492147,9962.392670157067,0.0,64.56125654450263,0.001256544502617801,dim,11,5,27.513886010362697,999.8968616580311,10520.455958549222,0.0,62.531088082901555,0.0006735751295336787,dim,2
2024-11-17,27.701052631578946,999.3822473684211,10690.384210526316,0.0,66.39931578947369,0.001,dim,11,6,27.330052356020943,999.5857366492147,9962.392670157067,0.0,64.56125654450263,0.001256544502617801,dim,2
2024-11-18,27.54051020408163,1000.2227892857143,9858.826530612245,0.0,60.60482051282052,0.0010714285714285715,dim,11,0,27.701052631578946,999.3822473684211,10690.384210526316,0.0,66.39931578947369,0.001,dim,2
2024-11-19,27.746968085106385,1000.8225579787234,9591.239361702128,0.0,58.220265957446806,0.0009574468085106382,dim,11,1,27.54051020408163,1000.2227892857143,9858.826530612245,0.0,60.60482051282052,0.0010714285714285715,bright,0
2024-11-20,27.29621761658031,1000.4648212435233,8463.777202072539,0.0,56.14730569948187,0.0010362694300518134,bright,11,2,27.746968085106385,1000.8225579787234,9591.239361702128,0.0,58.220265957446806,0.0009574468085106382,bright,0
2024-11-21,26.907916666666665,1000.3108494791667,7855.796875,0.0,57.665625,0.0007812499999999999,bright,11,3,27.29621761658031,1000.4648212435233,8463.777202072539,0.0,56.14730569948187,0.0010362694300518134,dark,1
2024-11-22,28.33900900900901,994.2727144144144,9388.549549549549,0.0,56.434954954954954,0.0016216216216216215,dark,11,4,26.907916666666665,1000.3108494791667,7855.796875,0.0,57.665625,0.0007812499999999999,dark,1
2024-11-23,28.777319587628867,992.8423206185568,10453.721649484536,0.0,54.87237113402062,0.0023711340206185568,dark,11,5,28.33900900900901,994.2727144144144,9388.549549549549,0.0,56.434954954954954,0.0016216216216216215,dark,1
2024-11-24,28.887708333333332,992.8213104166666,10401.614583333334,0.0,55.89427083333334,0.001979166666666667,dark,11,6,28.777319587628867,992.8423206185568,10453.721649484536,0.0,54.87237113402062,0.0023711340206185568,dim,2
2024-11-25,28.960416666666664,991.859378125,9526.5625,0.0,55.130625,0.001979166666666667,dim,11,0,28.887708333333332,992.8213104166666,10401.614583333334,0.0,55.89427083333334,0.001979166666666667,dim,2
2024-11-26,27.54268456375839,996.3226718120807,9692.644295302014,0.0,58.737583892617444,0.0010738255033557048,dim,11,1,28.960416666666664,991.859378125,9526.5625,0.0,55.130625,0.001979166666666667,dim,2
2024-11-27,26.908593749999998,997.3018270833333,10154.328125,0.0,59.236614583333335,0.0011458333333333333,dim,11,2,27.54268456375839,996.3226718120807,9692.644295302014,0.0,58.737583892617444,0.0010738255033557048,dim,2
2024-11-28,26.972827225130892,996.4048890052355,10064.71727748691,0.0,53.97361256544502,0.0007853403141361256,dim,11,3,26.908593749999998,997.3018270833333,10154.328125,0.0,59.236614583333335,0.0011458333333333333,dim,2
2024-11-29,26.88026041666667,996.1028796874999,10555.28125,0.0,58.3121875,0.0008333333333333334,dim,11,4,26.972827225130892,996.4048890052355,10064.71727748691,0.0,53.97361256544502,0.0007853403141361256,dim,2
2024-11-30,26.709214659685863,992.548222513089,12623.10994764398,0.0,66.78463157894737,0.001099476439790576,dim,11,5,26.88026041666667,996.1028796874999,10555.28125,0.0,58.3121875,0.0008333333333333334,bright,0
2024-12-03,26.078842105263156,1010.4555631578947,5580.357894736842,0.0,52.35452631578948,0.0,bright,12,1,26.709214659685863,992.548222513089,12623.10994764398,0.0,66.78463157894737,0.001099476439790576,bright,0
2024-12-04,31.13774869109948,999.5953717277487,8569.272251308901,1.6727434554973821,55.35670157068063,0.11172774869109947,bright,12,2,26.078842105263156,1010.4555631578947,5580.357894736842,0.0,52.35452631578948,0.0,bright,0
2024-12-05,29.357809523809525,1004.0214028571429,9663.819047619048,0.0,61.88514285714285,0.0018095238095238095,bright,12,3,31.13774869109948,999.5953717277487,8569.272251308901,1.6727434554973821,55.35670157068063,0.11172774869109947,bright,0
2024-12-06,26.17715789473684,1003.2274821052631,8822.536842105263,0.0,56.74547368421052,0.0,bright,12,4,29.357809523809525,1004.0214028571429,9663.819047619048,0.0,61.88514285714285,0.0018095238095238095,bright,0
2024-12-07,25.967314814814813,999.4563722222222,9350.166666666666,15.07853888888889,55.588981481481476,0.0,bright,12,5,26.17715789473684,1003.2274821052631,8822.536842105263,0.0,56.74547368421052,0.0,bright,0
2024-12-08,26.700736842105265,1001.5716389473683,6722.1894736842105,0.048044210526315786,59.86168421052631,0.0,bright,12,6,25.967314814814813,999.4563722222222,9350.166666666666,15.07853888888889,55.588981481481476,0.0,dark,1
2024-12-09,29.21090909090909,1000.2933741626795,10833.057416267942,0.0,56.29416267942584,0.15822966507177033,dark,12,0,26.700736842105265,1001.5716389473683,6722.1894736842105,0.048044210526315786,59.86168421052631,0.0,bright,0
2024-12-10,27.820736842105262,1005.3467842105263,10661.557894736841,0.0,59.99810526315789,0.0,bright,12,1,29.21090909090909,1000.2933741626795,10833.057416267942,0.0,56.29416267942584,0.15822966507177033,dim,2
2024-12-11,28.714240837696334,997.8782539267016,9552.193717277487,0.0,54.90816753926701,0.000837696335078534,dim,12,2,27.820736842105262,1005.3467842105263,10661.557894736841,0.0,59.99810526315789,0.0,bright,0
2024-12-12,27.111027027027028,998.932111891892,8563.275675675675,0.0,64.10513513513514,0.0010270270270270271,bright,12,3,28.714240837696334,997.8782539267016,9552.193717277487,0.0,54.90816753926701,0.000837696335078534,dim,2
2024-12-13,26.905104166666664,999.8654338541668,10398.640625,0.0,64.85895833333333,0.0011979166666666668,dim,12,4,27.111027027027028,998.932111891892,8563.275675675675,0.0,64.10513513513514,0.0010270270270270271,dim,2
2024-12-14,26.58649214659686,1001.5102371727749,10420.162303664922,0.08212565445026178,61.234083769633514,0.001099476439790576,dim,12,5,26.905104166666664,999.8654338541668,10398.640625,0.0,64.85895833333333,0.0011979166666666668,dim,2
2024-12-15,27.33340314136126,1002.1752769633508,11487.539267015707,0.0,56.599162303664926,0.0005759162303664922,dim,12,6,26.58649214659686,1001.5102371727749,10420.162303664922,0.08212565445026178,61.234083769633514,0.001099476439790576,dim,2
2024-12-16,27.15026178010471,1001.0485816753926,8993.219895287959,0.0,53.671832460732986,0.0006806282722513089,dim,12,0,27.33340314136126,1002.1752769633508,11487.539267015707,0.0,56.599162303664926,0.0005759162303664922,bright,0
2024-12-17,27.391256544502614,999.1733821989529,6708.602094240838,0.0,54.39073298429319,0.0007329842931937174,bright,12,1,27.15026178010471,1001.0485816753926,8993.219895287959,0.0,53.671832460732986,0.0006806282722513089,bright,0
2024-12-18,27.87697916666667,997.9217526041666,7562.619791666667,0.0,58.2503125,0.00125,bright,12,2,27.391256544502614,999.1733821989529,6708.602094240838,0.0,54.39073298429319,0.0007329842931937174,dim,2
2024-12-19,28.079736842105262,997.5966494736842,8850.121052631579,0.0,58.31502645502646,0.001,dim,12,3,27.87697916666667,997.9217526041666,7562.619791666667,0.0,58.2503125,0.00125,dim,2
2024-12-20,28.399052631578947,997.3239357894737,9421.968421052632,0.0,60.67568421052631,0.0025263157894736842,dim,12,4,28.079736842105262,997.5966494736842,8850.121052631579,0.0,58.31502645502646,0.001,dim,2
2024-12-21,27.888324607329842,998.2842999999999,10363.434554973823,0.0,60.042722513089004,0.0007853403141361256,dim,12,5,28.399052631578947,997.3239357894737,9421.968421052632,0.0,60.67568421052631,0.0025263157894736842,dim,2
2024-12-22,28.54324607329843,999.5086507853403,12404.214659685864,0.0,60.97281914893617,0.000994764397905759,dim,12,6,27.888324607329842,998.2842999999999,10363.434554973823,0.0,60.042722513089004,0.0007853403141361256,dim,2
2024-12-23,28.17203125,999.3018067708334,9726.057291666666,0.0,58.876875000000005,0.0008333333333333334,dim,12,0,28.54324607329843,999.5086507853403,12404.214659685864,0.0,60.97281914893617,0.000994764397905759,dim,2
2024-12-24,27.84397905759162,999.0571806282722,8993.20942408377,0.0,58.549895287958115,0.0,dim,12,1,28.17203125,999.3018067708334,9726.057291666666,0.0,58.876875000000005,0.0008333333333333334,dark,1
2024-12-25,28.495555555555555,997.39431875,8504.3125,0.0,55.24951388888889,0.0,dark,12,2,27.84397905759162,999.0571806282722,8993.20942408377,0.0,58.549895287958115,0.0,dim,2
2024-12-26,28.706333333333333,999.804836,9264.606666666667,0.0,58.16686666666667,0.0,dim,12,3,28.495555555555555,997.39431875,8504.3125,0.0,55.24951388888889,0.0,dim,2
2024-12-27,27.790890052356023,1003.5438005235602,10078.361256544502,0.0,60.610366492146596,5.2356020942408376e-05,dim,12,4,28.706333333333333,999.804836,9264.606666666667,0.0,58.16686666666667,0.0,dim,2
2024-12-28,27.347068062827226,1003.3356701570681,10115.465968586388,0.0,58.803298429319376,0.0,dim,12,5,27.790890052356023,1003.5438005235602,10078.361256544502,0.0,60.610366492146596,5.2356020942408376e-05,dim,2
2024-12-29,28.02890052356021,1002.7796659685864,12138.62827225131,0.0,60.40507853403142,5.2356020942408376e-05,dim,12,6,27.347068062827226,1003.3356701570681,10115.465968586388,0.0,58.803298429319376,0.0,dim,2
2024-12-30,27.817958115183245,1002.7785706806283,9302.748691099476,0.0,60.958167539267016,0.00010471204188481675,dim,12,0,28.02890052356021,1002.7796659685864,12138.62827225131,0.0,60.40507853403142,5.2356020942408376e-05,bright,0
2024-12-31,27.64937172774869,1003.0282141361256,8578.047120418849,0.0,57.568848167539265,5.2356020942408376e-05,bright,12,1,27.817958115183245,1002.7785706806283,9302.748691099476,0.0,60.958167539267016,0.00010471204188481675,dim,2
2025-01-01,26.97973821989529,1002.0371329842932,10191.382198952879,0.0,53.40282722513089,0.0,dim,1,2,27.64937172774869,1003.0282141361256,8578.047120418849,0.0,57.568848167539265,5.2356020942408376e-05,dim,2
2025-01-03,32.3259375,991.8612625000001,8153.708333333333,0.0,45.30791666666667,0.0026041666666666665,dim,1,4,26.97973821989529,1002.0371329842932,10191.382198952879,0.0,53.40282722513089,0.0,dark,1
2025-01-13,29.123505154639176,992.9538350515463,9781.567010309278,0.0,52.84690721649484,0.0005154639175257732,dark,1,0,32.3259375,991.8612625000001,8153.708333333333,0.0,45.30791666666667,0.0026041666666666665,dark,1
2025-01-14,29.21,994.0515918367347,9978.959183673469,0.0,52.46265306122449,0.0005102040816326531,dark,1,1,29.123505154639176,992.9538350515463,9781.567010309278,0.0,52.84690721649484,0.0005154639175257732,dark,1
2025-01-15,28.848541666666666,994.9227822916667,9927.677083333334,0.0,50.30354166666667,0.000625,dark,1,2,29.21,994.0515918367347,9978.959183673469,0.0,52.46265306122449,0.0005102040816326531,dark,1
2025-01-16,28.758229166666666,994.6315697916666,9741.083333333334,0.0,47.00177083333333,0.0009375,dark,1,3,28.848541666666666,994.9227822916667,9927.677083333334,0.0,50.30354166666667,0.000625,dark,1
2025-01-17,28.830412371134024,993.4992917525773,9513.39175257732,0.0,46.71773195876288,0.0004123711340206186,dark,1,4,28.758229166666666,994.6315697916666,9741.083333333334,0.0,47.00177083333333,0.0009375,dim,2
2025-01-18,28.400625,993.01275,9063.614583333334,0.0,47.33364583333333,0.000625,dim,1,5,28.830412371134024,993.4992917525773,9513.39175257732,0.0,46.71773195876288,0.0004123711340206186,dark,1
2025-01-19,28.103020833333332,993.1175333333334,10070.041666666666,0.0,52.4546875,0.0004166666666666667,dark,1,6,28.400625,993.01275,9063.614583333334,0.0,47.33364583333333,0.000625,dim,2
2025-01-20,28.487029702970297,992.1741475247525,8892.059405940594,0.0,52.43584158415842,0.001188118811881188,dim,1,0,28.103020833333332,993.1175333333334,10070.041666666666,0.0,52.4546875,0.0004166666666666667,dark,1
2025-01-21,28.602604166666666,991.8678760416666,9726.0,0.0,45.53354166666667,0.0005208333333333333,dark,1,1,28.487029702970297,992.1741475247525,8892.059405940594,0.0,52.43584158415842,0.001188118811881188,dark,1
2025-01-22,28.727083333333336,991.9203552083333,9758.166666666666,0.0,46.88999999999999,0.0008333333333333334,dark,1,2,28.602604166666666,991.8678760416666,9726.0,0.0,45.53354166666667,0.0005208333333333333,dark,1
2025-01-23,28.96276595744681,992.1220872340426,9534.765957446809,0.0,50.238297872340425,0.0010638297872340426,dark,1,3,28.727083333333336,991.9203552083333,9758.166666666666,0.0,46.88999999999999,0.0008333333333333334,dark,1
2025-01-24,28.75314814814815,992.2825666666666,9176.518518518518,0.0,50.77814814814815,0.000925925925925926,dark,1,4,28.96276595744681,992.1220872340426,9534.765957446809,0.0,50.238297872340425,0.0010638297872340426,dim,2
2025-02-01,26.680314136125652,1001.9999685863875,8970.465968586388,0.0,52.39853403141362,0.00010471204188481675,dim,2,5,28.75314814814815,992.2825666666666,9176.518518518518,0.0,50.77814814814815,0.000925925925925926,dim,2
2025-02-03,32.39364864864865,991.0056675675676,7260.324324324324,0.0,44.762297297297295,0.001891891891891892,dim,2,0,26.680314136125652,1001.9999685863875,8970.465968586388,0.0,52.39853403141362,0.00010471204188481675,dark,1
2025-02-13,30.134285714285713,994.1802122448979,10410.040816326531,0.0,45.99265306122449,0.002653061224489796,dark,2,3,32.39364864864865,991.0056675675676,7260.324324324324,0.0,44.762297297297295,0.001891891891891892,dim,2
2025-02-14,31.08758620689655,992.162427586207,5173.120689655172,0.0,32.69448275862069,0.0027586206896551726,dim,2,4,30.134285714285713,994.1802122448979,10410.040816326531,0.0,45.99265306122449,0.002653061224489796,dim,2
2025-02-15,30.49859375,992.2831765625,8157.90625,0.0,37.09125,0.00140625,dim,2,5,31.08758620689655,992.162427586207,5173.120689655172,0.0,32.69448275862069,0.0027586206896551726,dark,1
2025-02-16,31.083333333333332,993.6184533333333,15120.133333333333,0.0,35.20733333333333,0.0013333333333333333,dark,2,6,30.49859375,992.2831765625,8157.90625,0.0,37.09125,0.00140625,dim,2
2025-02-17,30.803505154639176,994.0559371134021,8121.20618556701,0.0,41.48474226804124,0.0016494845360824743,dim,2,0,31.083333333333332,993.6184533333333,15120.133333333333,0.0,35.20733333333333,0.0013333333333333333,dim,2
2025-02-18,30.728333333333335,994.0823645833334,8798.072916666666,0.0,40.591875,0.0016666666666666668,dim,2,1,30.803505154639176,994.0559371134021,8121.20618556701,0.0,41.48474226804124,0.0016494845360824743,dark,1
2025-02-19,30.95305263157895,991.9956231578947,8590.642105263158,0.0,40.62757894736842,0.0025263157894736842,dark,2,2,30.728333333333335,994.0823645833334,8798.072916666666,0.0,40.591875,0.0016666666666666668,dark,1
2025-02-20,31.1853125,992.8594427083334,9240.40625,0.0,41.91197916666667,0.0023958333333333336,dark,2,3,30.95305263157895,991.9956231578947,8590.642105263158,0.0,40.62757894736842,0.0025263157894736842,dim,2
2025-02-21,31.279479166666665,993.85370625,7207.270833333333,0.0,40.989062499999996,0.0028125000000000003,dim,2,4,31.1853125,992.8594427083334,9240.40625,0.0,41.91197916666667,0.0023958333333333336,dim,2
2025-02-22,31.41061855670103,994.5783329896907,7168.360824742268,0.0,43.59175257731958,0.002164948453608247,dim,2,5,31.279479166666665,993.85370625,7207.270833333333,0.0,40.989062499999996,0.0028125000000000003,dark,1
2025-02-23,31.717113402061855,994.3919577319588,8735.773195876289,0.0,41.016288659793815,0.003195876288659794,dark,2,6,31.41061855670103,994.5783329896907,7168.360824742268,0.0,43.59175257731958,0.002164948453608247,dim,2
2025-02-24,31.898453608247422,994.1601422680413,7472.278350515464,0.0,35.374020618556706,0.002268041237113402,dim,2,0,31.717113402061855,994.3919577319588,8735.773195876289,0.0,41.016288659793815,0.003195876288659794,dark,1
2025-02-25,32.155625,994.9768375,8923.833333333334,0.0,37.14125,0.001875,dark,2,1,31.898453608247422,994.1601422680413,7472.278350515464,0.0,35.374020618556706,0.002268041237113402,dim,2
2025-02-26,32.27729166666666,994.7122625000001,8190.302083333333,0.0,35.01166666666666,0.0020833333333333333,dim,2,2,32.155625,994.9768375,8923.833333333334,0.0,37.14125,0.001875,dim,2
2025-02-27,32.43052083333333,993.4105239583333,7667.645833333333,0.0,34.78791666666667,0.0027083333333333334,dim,2,3,32.27729166666666,994.7122625000001,8190.302083333333,0.0,35.01166666666666,0.0020833333333333333,dim,2
2025-02-28,32.48659793814433,992.4894783505155,7047.917525773196,0.0,39.2919587628866,0.0015463917525773195,dim,2,4,32.43052083333333,993.4105239583333,7667.645833333333,0.0,34.78791666666667,0.0027083333333333334,dim,2
2025-03-01,27.05392670157068,1002.2022282722513,8854.361256544502,0.0,51.14465968586387,0.00010471204188481675,dim,3,5,32.48659793814433,992.4894783505155,7047.917525773196,0.0,39.2919587628866,0.0015463917525773195,dim,2
2025-03-02,31.004905660377357,992.6082905660377,7377.66037735849,0.0,39.99188679245283,0.0005660377358490566,dim,3,6,27.05392670157068,1002.2022282722513,8854.361256544502,0.0,51.14465968586387,0.00010471204188481675,dim,2
2025-04-01,27.369895287958112,1001.4652560209424,8781.921465968586,0.0,50.05020942408377,5.2356020942408376e-05,dim,4,1,31.004905660377357,992.6082905660377,7377.66037735849,0.0,39.99188679245283,0.0005660377358490566,dark,1
2025-04-02,30.092765957446808,994.1639914893617,9971.489361702128,0.0,42.615744680851066,0.0010638297872340426,dark,4,2,27.369895287958112,1001.4652560209424,8781.921465968586,0.0,50.05020942408377,5.2356020942408376e-05,bright,0
2025-05-01,27.6726,1002.3613270000001,7277.27,0.0,51.562799999999996,0.0,bright,5,3,30.092765957446808,994.1639914893617,9971.489361702128,0.0,42.615744680851066,0.0010638297872340426,dim,2
2025-06-01,28.020923076923076,993.5171384615385,8160.661538461539,0.0,44.37676923076923,0.0,dim,6,6,27.6726,1002.3613270000001,7277.27,0.0,51.562799999999996,0.0,dark,1
2025-07-01,28.218229166666664,992.7859947916667,9030.708333333334,0.0,46.8728125,0.0,dark,7,1,28.020923076923076,993.5171384615385,8160.661538461539,0.0,44.37676923076923,0.0,dark,1
2025-08-01,28.6696875,992.5850375,9312.979166666666,0.0,48.07729166666667,0.0,dark,8,4,28.218229166666664,992.7859947916667,9030.708333333334,0.0,46.8728125,0.0,dark,1
2025-08-02,30.89846153846154,994.0511153846154,10017.076923076924,0.0,41.33692307692308,0.0038461538461538464,dark,8,5,28.6696875,992.5850375,9312.979166666666,0.0,48.07729166666667,0.0,dark,1
2025-09-01,28.466250000000002,993.8411260416666,8408.385416666666,0.0,45.542187500000004,0.00010416666666666667,dark,9,0,30.89846153846154,994.0511153846154,10017.076923076924,0.0,41.33692307692308,0.0038461538461538464,dark,1
2025-09-02,29.781724137931032,993.1872051724139,12138.655172413793,0.0,41.26068965517241,0.004827586206896552,dark,9,1,28.466250000000002,993.8411260416666,8408.385416666666,0.0,45.542187500000004,0.00010416666666666667,dim,2
2025-10-01,28.639479166666664,994.9592875,8610.729166666666,0.0,49.095104166666665,0.0004166666666666667,dim,10,2,29.781724137931032,993.1872051724139,12138.655172413793,0.0,41.26068965517241,0.004827586206896552,dim,2
2025-10-02,29.687966101694915,994.1298457627119,8466.915254237289,0.0,43.503389830508475,0.003898305084745763,dim,10,3,28.639479166666664,994.9592875,8610.729166666666,0.0,49.095104166666665,0.0004166666666666667,dark,1
2025-11-01,28.5028125,994.9170166666667,9810.854166666666,0.0,51.5490625,0.0,dark,11,5,29.687966101694915,994.1298457627119,8466.915254237289,0.0,43.503389830508475,0.003898305084745763,dim,2
2025-11-02,30.436999999999998,992.804454,7407.42,0.0,36.6182,0.001,dim,11,6,28.5028125,994.9170166666667,9810.854166666666,0.0,51.5490625,0.0,dark,1
2025-12-01,28.36791666666667,994.3933760416667,9485.208333333334,0.0,50.415,0.0003125,dark,12,0,30.436999999999998,992.804454,7407.42,0.0,36.6182,0.001,dark,1
